"grp","var1","var2","vcov","sdcor"
"G","(Intercept)",NA,9.41521476647195,3.06842219495166
"Environment","(Intercept)",NA,149.320774212818,12.2196879752643
"Residual",NA,NA,29.3747452699272,5.41984734747458
